<?xml version="1.0" encoding="UTF-8" ?>
<beans xmlns="http://www.springframework.org/schema/beans"
       xmlns:xsi="http://www.w3.org/2001/XMLSchema-instance"
       xmlns:context="http://www.springframework.org/schema/context"
       xsi:schemaLocation="http://www.springframework.org/schema/beans
			http://www.springframework.org/schema/beans/spring-beans-3.0.xsd
			http://www.springframework.org/schema/context 
			http://www.springframework.org/schema/context/spring-context-3.0.xsd">
    <context:annotation-config/>

    <context:property-placeholder location="classpath:config.properties"></context:property-placeholder>

    <bean id="mailSender" class="org.springframework.mail.javamail.JavaMailSenderImpl">
        <property name="host">
            <value>smtp.qq.com</value>
            <!--<value>smtp.exmail.qq.com </value>-->
        </property>
        <!--<property name="port">-->
            <!--<value>465</value>-->
        <!--</property>-->
        <property name="javaMailProperties">
            <props>
                <prop key="mail.smtp.auth">true</prop>
                <prop key="mail.smtp.timeout">25000</prop>
                <prop key="mail.smtp.ssl.enable">true</prop>
            </props>
        </property>
        <property name="username">
            <value>${email.id}</value>
        </property>
        <property name="password">
            <value>${email.password}</value>
        </property>
    </bean>
</beans>
 