<?xml version="1.0" encoding="UTF-8"?>
<beans xmlns="http://www.springframework.org/schema/beans"
       xmlns:xsi="http://www.w3.org/2001/XMLSchema-instance"
       xsi:schemaLocation="http://www.springframework.org/schema/beans http://www.springframework.org/schema/beans/spring-beans.xsd">

    <bean id="localDatePropertyEditorRegistrar"
          class="thinking.in.spring.boot.samples.externalized.configuration.beans.LocalDatePropertyEditorRegistrar">
    </bean>

    <bean class="org.springframework.beans.factory.config.CustomEditorConfigurer">
        <property name="propertyEditorRegistrars">
            <array>
                <ref bean="localDatePropertyEditorRegistrar"/>
            </array>
        </property>
    </bean>

</beans>